{
  "seller": [
    {
      "name": "sam sidhu",
      "email": "sam@seller.com",
      "password": "abc@123",
      "id": "2"
    },
    {
      "name": "peter",
      "password": "abc@123",
      "email": "peter@test.com",
      "id": "3"
    },
    {
      "name": "bruce",
      "password": "abc@123",
      "email": "bruce@test.com",
      "id": "4"
    },
    {
      "name": "anil",
      "password": "abc123",
      "email": "anil@test.com",
      "id": "5"
    },
    {
      "name": "alena",
      "password": "abc123",
      "email": "alena@test.com",
      "id": "6"
    },
    {
      "name": "sam",
      "password": "abc@123",
      "email": "sam@test.com",
      "id": "7"
    },
    {
      "name": "bhasker",
      "password": "abc@123",
      "email": "bhasker@test.com",
      "id": "8"
    }
  ],
  "products": [
    {
      "name": "Samsung m 40 a ",
      "price": "550",
      "category": "mobile",
      "color": "white",
      "description": "this is a Samsung product",
      "image": "https://encrypted-tbn2.gstatic.com/shopping?q=tbn:ANd9GcSOO1JDPUNwcPiqzHYhaL_zpJA0Ymlr6mD9sSgTPad_JYdrk-o",
      "id": "1"
    },
    {
      "name": "I phone 14",
      "price": "100000",
      "category": "mobile",
      "color": "black",
      "description": "An Apple Product",
      "image": "https://encrypted-tbn2.gstatic.com/shopping?q=tbn:ANd9GcSOO1JDPUNwcPiqzHYhaL_zpJA0Ymlr6mD9sSgTPad_JYdrk-o",
      "id": "2"
    },
    {
      "name": "HP Laptop",
      "price": "50000",
      "category": "Laptop",
      "color": "black",
      "description": "Hp laptop for student and professionals",
      "image": "https://www.91-cdn.com/hub/wp-content/uploads/2022/07/Top-laptop-brands-in-India.jpg",
      "id": "3"
    },
    {
      "name": "Nike Shoes",
      "price": "3000",
      "category": "Shoes",
      "color": "Black",
      "description": "Best shoes for Running",
      "image": "https://static.nike.com/a/images/t_PDP_1280_v1/f_auto,q_auto:eco/1eeaacc0-e07c-4024-a5f7-57f2fd23e8a2/air-max-270-g-golf-shoe-Z6vCfs.png",
      "id": "4"
    },
    {
      "name": "Levies Jeans",
      "price": "5000",
      "category": "Jeans",
      "color": "blue",
      "description": "Confirmable jeans for man ",
      "image": "https://www.filmibeat.com/wimg/desktop/2012/12/13548612746596.jpg",
      "id": "5"
    },
    {
      "name": "Truck",
      "price": "Toy",
      "category": "Toys",
      "color": "Red",
      "description": "A toy for 5 year old child",
      "image": "https://cdn.shopify.com/s/files/1/0011/8367/8476/products/Truck2_1400x.png?v=1662789388",
      "id": "6"
    },
    {
      "name": "Noise Smart Watch",
      "price": "2000",
      "category": "Watch",
      "color": "Black",
      "description": "Noise smart watch for man and women both",
      "image": "https://www.reliancedigital.in/medias/Noise-Colorfit-Pro-2-Smart-Watch-491900986-i-1-1200Wx1200H-300Wx300H?context=bWFzdGVyfGltYWdlc3w1MDc0NXxpbWFnZS9qcGVnfGltYWdlcy9oYzkvaDdjLzk1OTE4MjA3NDY3ODIuanBnfDA3MjZlMzkzOTExYzMyNzk5Y2YzOTk0MWFkMjc5YjE5OTlkMDE4NzYzYTg1YzQ2YmNjZjMxYzc5ZDJiYjBlNDg",
      "id": "7"
    }
  ],
  "users": [
    {
      "name": "anil",
      "email": "anil@user.com",
      "password": "abc123",
      "id": "1"
    },
    {
      "name": "peter",
      "email": "peter@user.com",
      "password": "abc123",
      "id": "2"
    },
    {
      "name": "hyden",
      "email": "hyden@user.com",
      "password": "abc123",
      "id": "3"
    },
    {
      "name": "tony",
      "email": "tony@user.com",
      "password": "abc123",
      "id": "4"
    }
  ],
  "cart": [
    {
      "name": "Samsung m 40 a ",
      "price": "550",
      "category": "mobile",
      "color": "white",
      "description": "this is a Samsung product",
      "image": "https://encrypted-tbn2.gstatic.com/shopping?q=tbn:ANd9GcSOO1JDPUNwcPiqzHYhaL_zpJA0Ymlr6mD9sSgTPad_JYdrk-o",
      "quantity": 1,
      "productId": 1,
      "userId": 3,
      "id": "7"
    },
    {
      "name": "Levies Jeans",
      "price": "5000",
      "category": "Jeans",
      "color": "blue",
      "description": "Confirmable jeans for man ",
      "image": "https://www.filmibeat.com/wimg/desktop/2012/12/13548612746596.jpg",
      "quantity": 1,
      "productId": 5,
      "userId": 3,
      "id": "8"
    }
  ],
  "orders": [
    {
      "email": "anil@user.com",
      "address": "noida sector x",
      "contact": "9999",
      "totalPrice": 104750,
      "userId": 1,
      "id": "1"
    },
    {
      "email": "anil@test.com",
      "address": "noida sector x",
      "contact": "8877",
      "totalPrice": 6100,
      "userId": 1,
      "id": "3"
    }
  ]
}